sales_rep_id,sales_rep_name,region
SR001,Sales Rep 1,East
SR002,Sales Rep 2,Southwest
SR003,Sales Rep 3,Southeast
SR004,Sales Rep 4,Southwest
SR005,Sales Rep 5,Southwest
SR006,Sales Rep 6,East
SR007,Sales Rep 7,Northeast
SR008,Sales Rep 8,West
SR009,Sales Rep 9,East
SR010,Sales Rep 10,Central
SR011,Sales Rep 11,East
SR012,Sales Rep 12,Central
SR013,Sales Rep 13,Southwest
SR014,Sales Rep 14,Southeast
SR015,Sales Rep 15,East
SR016,Sales Rep 16,Central
SR017,Sales Rep 17,East
SR018,Sales Rep 18,Southeast
SR019,Sales Rep 19,Southwest
SR020,Sales Rep 20,East
SR021,Sales Rep 21,South
SR022,Sales Rep 22,Central
SR023,Sales Rep 23,Southeast
SR024,Sales Rep 24,Central
SR025,Sales Rep 25,Central
SR026,Sales Rep 26,North
SR027,Sales Rep 27,Southeast
SR028,Sales Rep 28,East
SR029,Sales Rep 29,Central
SR030,Sales Rep 30,Northeast
SR031,Sales Rep 31,North
SR032,Sales Rep 32,South
SR033,Sales Rep 33,Central
SR034,Sales Rep 34,Southwest
SR035,Sales Rep 35,Central
SR036,Sales Rep 36,North
SR037,Sales Rep 37,East
SR038,Sales Rep 38,Northeast
SR039,Sales Rep 39,Southwest
SR040,Sales Rep 40,South
SR041,Sales Rep 41,Southwest
SR042,Sales Rep 42,Central
SR043,Sales Rep 43,East
SR044,Sales Rep 44,Southeast
SR045,Sales Rep 45,Northeast
SR046,Sales Rep 46,Southeast
SR047,Sales Rep 47,Northeast
SR048,Sales Rep 48,South
SR049,Sales Rep 49,West
SR050,Sales Rep 50,Northeast
SR051,Sales Rep 51,West
SR052,Sales Rep 52,Southeast
SR053,Sales Rep 53,Northeast
SR054,Sales Rep 54,South
SR055,Sales Rep 55,North
SR056,Sales Rep 56,South
SR057,Sales Rep 57,South
SR058,Sales Rep 58,North
SR059,Sales Rep 59,North
SR060,Sales Rep 60,East
SR061,Sales Rep 61,Northeast
SR062,Sales Rep 62,Southeast
SR063,Sales Rep 63,East
SR064,Sales Rep 64,North
SR065,Sales Rep 65,West
SR066,Sales Rep 66,Southeast
SR067,Sales Rep 67,West
SR068,Sales Rep 68,South
SR069,Sales Rep 69,Central
SR070,Sales Rep 70,South
SR071,Sales Rep 71,South
SR072,Sales Rep 72,Central
SR073,Sales Rep 73,Northeast
SR074,Sales Rep 74,North
SR075,Sales Rep 75,West
SR076,Sales Rep 76,South
SR077,Sales Rep 77,Central
SR078,Sales Rep 78,East
SR079,Sales Rep 79,South
SR080,Sales Rep 80,West
SR081,Sales Rep 81,North
SR082,Sales Rep 82,South
SR083,Sales Rep 83,South
SR084,Sales Rep 84,Northeast
SR085,Sales Rep 85,Southwest
SR086,Sales Rep 86,Central
SR087,Sales Rep 87,East
SR088,Sales Rep 88,East
SR089,Sales Rep 89,Southeast
SR090,Sales Rep 90,North
SR091,Sales Rep 91,Southeast
SR092,Sales Rep 92,West
SR093,Sales Rep 93,North
SR094,Sales Rep 94,South
SR095,Sales Rep 95,Southwest
SR096,Sales Rep 96,South
SR097,Sales Rep 97,East
SR098,Sales Rep 98,West
SR099,Sales Rep 99,Central
SR100,Sales Rep 100,West
